難易度,問題番号,問題文,選択肢A,選択肢B,選択肢C,選択肢D,正解,解説
初級,1,"HAZETの創業国はどこの国ですか？","ドイツ","アメリカ","イギリス","スイス",A,"HAZETは1868年にドイツのレムシャイト（Remscheid）で設立された、歴史あるドイツのプレミアム工具メーカーです。"
初級,2,"HAZETというブランド名の由来は何ですか？","創業者のイニシャルの発音","ドイツ語で「高品質」を意味する言葉","創業地にあった山の名前","鋼鉄の特殊な配合名",A,"創業者ヘルマン・ツェルヴァー（Hermann Zerver）のイニシャルである「H」と「Z」のドイツ語発音「ハー（HA）」と「ツェット（ZET）」を組み合わせて「HAZET」となりました。"
初級,3,"HAZETが設立されたのは西暦何年ですか？","1868年","1905年","1954年","2006年",A,"HAZETは1868年にヘルマン・ツェルヴァーによって設立されました。150年以上の歴史を誇ります。"
初級,4,"HAZETの創業者である人物の名前は何ですか？","ヘルマン・ツェルヴァー","アルフレッド・ツェルヴァー","カール・ベンツ","フェルディナント・ポルシェ",A,"創業者はヘルマン・ツェルヴァー（Hermann Zerver）です。代々ツェルヴァー家によって経営が受け継がれています。"
初級,5,"HAZETの本社および主要工場があるドイツの都市はどこですか？","レムシャイト","ミュンヘン","フランクフルト","シュトゥットガルト",A,"HAZETの本社および第1・第3・第4工場は、ドイツの伝統的な刃物・工具の街であるレムシャイト（Remscheid）にあります。"
初級,6,"HAZETのコーポレートロゴ（ロゴマーク）の基調となる色はどれですか？","ブルー","レッド","グリーン","オレンジ",A,"HAZETのコーポレートカラーおよび現在のロゴマークは「ブルー（青）」と「ライトブルー（水色）」が基調となっています。"
初級,7,"HAZETが製造している主な製品カテゴリは何ですか？","ハンドツール（作業工具）","木工用接着剤","園芸用土壌","大型農業用トラクター",A,"HAZETはプロ用の自動車整備工具、ハンドツール、産業用トルクレンチ、ツールキャビネットなどを主力製品としています。"
初級,8,"ネジやボルトを規定の強さで締め付けるために使用する工具は何ですか？","トルクレンチ","ウォーターポンププライヤー","ニッパー","コンビネーションレンチ",A,"ボルトやナットをメーカー指定のトルク（強さ）で締め付けるには、トルクレンチを使用します。HAZETのトルクレンチは世界的に高い精度で知られています。"
初級,9,"HAZET工具の主材料として使われる、強靭な合金鋼は何ですか？","クロムバナジウム鋼","高速度工具鋼（ハイス）","ステンレス鋼（SUS304）","炭素鋼",A,"HAZETの多くのスパナやソケットには、高い強度と靱性を誇る高品質なクロムバナジウム鋼（Chrome-Vanadium steel）が使用されています。"
初級,10,"HAZETの代表的なツールキャビネット（工具ワゴン）に付けられている有名な愛称は何ですか？","Assistent","Master","SmartBox","helper",A,"HAZETのツールキャビネットや折りたたみ式ツールワゴンには、1954年の登場以来「Assistent（アシスタント）」という愛称が付けられています。"
初級,11,"ボルトを回す際、一方向のみに回転し、逆方向には空転する便利なラチェット機構を持つハンドルを何と呼びますか？","ラチェットハンドル","スピンナハンドル","T型スライドハンドル","L型レンチ",A,"ラチェットハンドル（Reversible Ratchet）は、作業を効率化するための代表的なソケット用ハンドルです。"
初級,12,"HAZETのダブルオープンエンドレンチ（両口スパナ）の基本型番は何ですか？","450N","600N","630","900",A,"HAZETの両口スパナの基本型番は「450N」です。スリムなスパナ部と強度を両立した伝統モデルです。"
初級,13,"HAZETのコンビネーションレンチ（片目片口スパナ）の基本型番は何ですか？","600N","450N","630","850",A,"HAZETのコンビネーションレンチの代表型番は「600N」です。スパナ部と15度オフセットのめがね部を組み合わせたベストセラーです。"
初級,14,"HAZETのダブルボックスエンドレンチ（両口めがねレンチ）の基本型番は何ですか？","630","600N","450N","880",A,"HAZETのディープオフセット両口めがねレンチの代表型番は「630」です。ボルト周辺に障害物がある際に重宝します。"
初級,15,"HAZETのソケットレンチセットなどで、差込角「1/2インチ（12.5mm）」を示す基本型番のシリーズ番号は何ですか？","900","850","880","1000",A,"1/2インチ（12.5mm）差込角のソケットおよびアクセサリーは、主に「900」シリーズの型番で分類されます。"
初級,16,"HAZETのソケットレンチセットなどで、差込角「1/4インチ（6.3mm）」を示す基本型番のシリーズ番号は何ですか？","850","900","880","1000",A,"1/4インチ（6.3mm）差込角のミニソケットやアクセサリーは、主に「850」シリーズの型番で分類されます。"
初級,17,"HAZETのソケットレンチセットなどで、差込角「3/8インチ（10mm）」を示す基本型番のシリーズ番号は何ですか？","880","900","850","1000",A,"3/8インチ（10mm）差込角のソケットおよびアクセサリーは、主に「880」シリーズの型番で分類されます。"
初級,18,"HAZETのソケットレンチセットなどで、大型トラック等に使われる差込角「3/4インチ（20mm）」を示す基本型番のシリーズ番号は何ですか？","1000","900","880","850",A,"3/4インチ（20mm）差込角の大型車・産業用ソケット類は、「1000」シリーズの型番で分類されます。"
初級,19,"HAZET製品が基本的に「Made in Germany（ドイツ製）」である割合はどれくらいですか？","圧倒的多数（75%以上）","ごく一部（10%以下）","半分程度（50%）","すべてアジア製",A,"HAZETは自社生産に強くこだわり、製品全体の75%以上がドイツ国内の自社工場で設計・製造されています。"
初級,20,"HAZETグループが展開している、リーズナブルでコストパフォーマンスに優れた第2の工具ブランド名は何ですか？","VIGOR","Koken","Stahlwille","Beta",A,"HAZETは2006年にセカンドブランドとして「VIGOR（ヴィガー）」を立ち上げ、より手頃な価格帯のプロ用工具を展開しています。"
初級,21,"工具の耐久性を高めるため、HAZETのスパナ類の多くに施されている表面処理は何ですか？","クロムメッキ","黒染め（酸化被膜）","塗装","ビニールコーティング",A,"防錆性と耐摩耗性を高めるため、HAZETの多くの金属製ハンドツールには高品質なクロムメッキ処理が施されています。"
初級,22,"HAZETのソケットやレンチの接触面で、ボルトの角ではなく「面」に力を伝えることで角潰れを防ぐ独自の技術・プロファイルの名前は何ですか？","Traction Profile","Hex Drive","Flank Grip","Surrounding Lock",A,"HAZET独自の「Traction Profile（トラクションプロファイル）」は、ボルトの角ではなく面で接触してトルクを伝達し、ボルト頭の摩耗を防ぎます。"
初級,23,"HAZETが1950年代に車載工具（ツールキット）を純正供給していた、有名なドイツの国民的乗用車は何ですか？","フォルクスワーゲン・ビートル","メルセデス・ベンツ・Sクラス","BMW・イセッタ","アウディ・クワトロ",A,"HAZETは1950年代、空冷フォルクスワーゲン・ビートル（VW Beetle）やポルシェ356のスペアタイヤ内にぴったり収まる車載ツールキットを純正供給していました。"
初級,24,"HAZETのラチェットハンドルで「HP」が付くシリーズ（例：916HP）は、何の略ですか？","High Performance","Hex Power","Hard Plated","Hermann Product",A,"「HP」は「High Performance（ハイパフォーマンス、HiPer）」を指し、細かい歯数と驚異的な耐久性を誇る高級ラチェットシリーズです。"
初級,25,"HAZETのトルクレンチで、設定トルクに達した際に発せられる主なシグナルは何ですか？","音（カチッという音）と手への感触","液晶画面の点滅のみ","警告音が鳴り続ける","自動で回転がロックするだけ",A,"HAZETのプレセット型トルクレンチは、設定トルクに達すると「カチッ」という音（アコースティック）と、カクッと抜けるクリック感（ハプティック）で知らせます。"
初級,26,"HAZETのドライバー製品「Trinamic」などのグリップ部分は、人間工学に基づいて何角形に近い断面形状になっていますか？","三角形状","完全な円形","四角形状","十角形状",A,"手の力を最も効率よく伝達するため、HAZETのドライバーグリップ（Trinamicシリーズなど）は、3本の指がフィットしやすい丸みを帯びた三角形（三角断面）になっています。"
初級,27,"HAZETの工場数は、本社工場を含めてドイツ国内に合計いくつありますか？","4つ","2つ","6つ","10以上",A,"HAZETはドイツ国内に4つの製造工場を擁しており、高度な品質管理体制を維持しています。"
初級,28,"磁気を利用してソケット類を一列に綺麗にホールドし、ツールワゴンなどに吸着できるHAZETの製品名は何ですか？","SmartRail","SmartCase","MagneticBar","SocketHolder",A,"ソケットをツイストロック式で保持し、背面が強力マグネットになっているソケットホルダーレールは「SmartRail（スマートレール）」と呼ばれます。"
初級,29,"布製ケースの軽さとハードケースの堅牢性を両立した、HAZETのコンパクトな折りたたみ式工具セットケースの名前は何ですか？","SmartCase","SmartRail","SoftBox","PocketKit",A,"ビットやソケットを効率的かつコンパクトに収納し、スタンドのようにも立てられる収納ケースは「SmartCase（スマートケース）」です。"
初級,30,"HAZETのラチェットハンドルの切替レバーや回転方向を変更する機構の主な目的は何ですか？","ボルトを締める方向と緩める方向を切り替えるため","ラチェットのギヤ歯数を切り替えるため","持ち手の長さを変更するため","ラチェットをロックしてただのTバーにするため",A,"切替レバーやつまみを操作することで、ボルトの「締め方向（時計回り）」と「緩め方向（反時計回り）」のラチェット駆動方向を切り替えます。"
初級,31,"HAZETが設立された「1868年」は、日本でいうと何が始まった年ですか？","明治時代","大正時代","江戸時代","昭和時代",A,"1868年は日本における「明治元年」にあたります。HAZETは日本の明治維新と同じ時期から工具を作っています。"
初級,32,"HAZETのツールキャビネット「179N」シリーズなどの最下部にある、移動を支える重要な部品は何ですか？","高性能キャスター（車輪）","固定用スタンド","アジャスターボルト","マグネット吸着パッド",A,"ツールキャビネットのスムーズな移動と耐荷重を支えるため、HAZET製品には弾性に優れ、ロック機構を備えた高品質なキャスターが装着されています。"
初級,33,"HAZETの「Assistent 166N」ツールワゴンの最大の特徴は何ですか？","支柱を折りたたんでコンパクトに収納できる","電動モーターで自走する","ソーラーパネルでスマートフォンを充電できる","木製でアンティーク調である",A,"「Assistent 166N」は、トレイと支柱を下げて全高500mmまでコンパクトに折りたためる、持ち運びに非常に便利なツールワゴンです。"
初級,34,"HAZETのコンビネーションレンチ「600N」の柄（シャンク）部分は、軽量化と剛性を両立するため、どのような断面形状をしていますか？","Double-T（H型）プロファイル","完全な中空のパイプ型","フラットな薄い板型","ねじられたスパイラル型",A,"600Nの柄の断面は、凹みを持たせた「Double-T（I字・H字型）プロファイル」になっており、握りやすく軽量ながら高い曲げ剛性を備えています。"
初級,35,"HAZETのウォーターポンププライヤー（760または762シリーズなど）の主な用途は何ですか？","配管や丸いワーク、ナットなどの強力な掴み作業","細い針金の切断専用","ボルトの規定トルク締め付け","精密な電気基板のハンダ付け",A,"HAZETの代表的なウォーターポンププライヤーである760や762シリーズは、配管や丸棒、ボルト・ナットなど様々な形状のワークを掴んで回すための万能プライヤーです。"
初級,36,"HAZETのニッパー（品番1802シリーズなど）の主な役割は何ですか？","針金やケーブルなどの配線を切断する","ネジ頭を錆び落としする","ソケットを延長する","トルク値を測定する",A,"強力ニッパー（Diagonal Cutters）は、硬いワイヤーやケーブルなどを刃先で強力かつ綺麗に切断するための工具です。"
初級,37,"HAZETのラジオペンチ（品番1841シリーズなど）の先端はどのような形状をしていますか？","細長く、細かい隙間に入りやすい形状","平らで非常に幅が広い形状","完全に丸い球状","ソケットを直接差し込める四角形状",A,"ラジオペンチ（Needle Nose Pliers）は、先細りのデザインになっており、狭い場所での細かい部品の掴みや曲げ作業に適しています。"
初級,38,"HAZETの工具が提供する「プロ品質」を最も象徴するユーザー層は誰ですか？","自動車整備士や産業メンテナンスのプロフェッショナル","一般的な家庭のペーパークラフト愛好家","ガーデニング専門の農家","オフィスワークの事務員",A,"HAZETは、自動車メーカーの整備工場や、航空機・鉄道などの高度なメンテナンス要求を持つプロフェッショナルから圧倒的な信頼を得ています。"
初級,39,"HAZETのビットソケット（先端がドライバービットになっているソケット）の利点は何ですか？","ラチェットハンドル等と組み合わせて、ネジを強力に回せる","ハンマーで叩く専用のタガネになる","ソケットの中にネジを隠して保管できる","磁石の力で壁に貼り付けられる",A,"ビットソケットを使用すると、ラチェットハンドルやT型ハンドルの高いトルク伝達力を利用して、ヘックスやトルクスなどのネジを迅速に回すことができます。"
初級,40,"HAZETのツールキャビネットが倒れないよう、同時に2つ以上の引き出しを開けられないようにする安全機能の名前は何ですか？","ワン・ドロワー・システム（相互ロック）","セーフティキー","オートクローズシステム","アンチスリップマット",A,"複数の引き出しを同時に開けると重心が前に移動してキャビネットが転倒する危険があります。それを防ぐため、1つの引き出しを開けている間は他の引き出しがロックされる機能（相互ロック）が備わっています。"
初級,41,"差込角1/2インチ（12.5mm）を指す「1/2」とは、どこの国の単位系に由来していますか？","インチ（ヤード・ポンド法）","メートル（メートル法）","尺（尺貫法）","海里（航海マイル）",A,"ソケット等の差込角規格に使われる「1/2」「3/8」「1/4」などは、アメリカやイギリスで広く使われていたヤード・ポンド法の「インチ（1インチ＝25.4mm）」に由来します。"
初級,42,"HAZETのソケット等で、差し込み部に設けられている、脱落を防ぐための凹みの部分を何と呼びますか？","ボールロック用溝（リテイニング溝）","磁気吸着スロット","ローレット加工","六角逃がし",A,"ラチェットやエクステンションバー側のスチールボールがはまり込み、ソケットが不意に抜けて落ちるのを防ぐために、ソケットの四角の差込内面にはボールロック用の凹み（溝）が設けられています。"
初級,43,"HAZETのラチェットハンドル「916」シリーズなどのヘッドの厚みを極限まで薄くする目的は何ですか？","エンジンの隙間などの狭い場所へアクセスしやすくするため","使用する金属の量を減らしてコストカットするため","わざと強度を落として壊れやすくするため","単に見た目のスマートさをアピールするため",A,"近年の自動車エンジンルームなどは非常に狭いため、ラチェットのヘッドをスリム・薄型に設計することで、狭所作業のアクセス性を大幅に向上させています。"
初級,44,"HAZETの日本語公式ホームページや国内代理店の情報などを検索する際、日本語では一般的にどのようにカタカナ表記されますか？","ハゼット","ハゼト","ハツェット","ハゼットウェルク",A,"日本では「ハゼット」というカナ表記が最も一般的で、プロの整備士やファンの間で広く定着しています。"
初級,45,"HAZETのロゴマークの歴史で、1930年代（1933年カタログ等）から一貫して使用されているクラシックなサブカラーは何ですか？","イエロー（黄色）","レッド（赤）","グリーン（緑）","ホワイト（白）",A,"1930年代のHAZETのカタログや看板には、トレードマークとして青と「黄色（イエロー）」の配色が採用されており、伝統的なビジュアルIDの一部となっています。"
初級,46,"HAZETのラチェットなどのリペアキット（修復用インナーパーツセット）は、ユーザー自身が分解して交換可能ですか？","はい、主要製品向けにギヤ、爪、バネ、カバーがセットになったリペアキットが公式販売されている","いいえ、ラチェットヘッドは溶接で密閉されており、分解すると二度と組み立てられない","いいえ、リペアは必ずドイツの本社工場に船便で送らなければ受付不可である","はい、ただし内部は紙のバネでできており、交換には専門の木工用接着剤が必要である",A,"HAZETは「一生モノの工具」として長く使えるよう、ヘッド内部の消耗パーツ（ギヤ、爪、バネ等）をパックにしたリペアキット（補修部品）を公式に販売しており、ユーザーが自分でメンテナンスできるよう設計されています。"
初級,47,"ネジを締め付ける際、プラスドライバーとマイナスドライバーのどちらが十字形の頭部に対応していますか？","プラスドライバー","マイナスドライバー","どちらでもない","両方同じ",A,"十字型の溝があるネジには「プラスドライバー（フィリップス型など）」を使用します。HAZETでも様々なサイズのプラスドライバーやビットがラインナップされています。"
初級,48,"HAZETのコンビネーションレンチ「600N」の片側に付いている、ボルトを素早く仮締めするための口がオープンになっている部分を何と呼びますか？","スパナ部（オープンエンド）","めがね部（ボックスエンド）","ラチェット部","グリップ部",A,"コンビネーションレンチのオープンになっている側は「スパナ部（オープンエンド）」と呼ばれ、障害物がある場所での素早い仮締め等に適しています。"
初級,49,"工具を使って作業をする際、安全のために着用することが推奨される、手を保護するための防護具は何ですか？","作業用手袋（グローブ）","安全メガネ","安全靴","ヘルメット",A,"工具の鋭いエッジやボルトのバリから手を守るため、作業時は適切な「作業用手袋（グローブ）」の着用が推奨されます。"
初級,50,"HAZETのツールキャビネットやワゴンを移動させる際、キャビネットを安全に押したり引いたりするために側面に設置されている金属製またはプラスチック製の部品は何ですか？","移動用ハンドル（取っ手）","キャスターブレーキ","サイドパネル","引き出しラッチ",A,"ツールキャビネットの側面には、安全かつスムーズに移動操作ができるよう、頑丈な「ハンドル（取っ手）」が標準装備されています。"
中級,1,"HAZETの代表的なコンビネーションレンチ「600N」のめがね部分は、何度の角度でオフセット（曲げ）されていますか？","15度","30度","45度","75度",A,"600Nレンチのめがね部分は15度傾いており、平面上で作業する際に手が干渉しないように設計されています。"
中級,2,"HAZETの「600N」コンビネーションレンチのスパナ部は、柄に対して何度傾いていますか？","15度","0度","30度","45度",A,"コンビネーションレンチ「600N」のスパナ部も、めがね部同様に15度傾いて設計されており、狭い場所での繰り返し作業でレンチを裏返して使う際に有効な角度です。"
中級,3,"HAZETの工場「Plant 2（第2工場）」があるドイツの町はどこですか？","ハインスベルク","レムシャイト","デュッセルドルフ","ケルン",A,"HAZETの第2工場は、レムシャイトから車で約1時間離れたハインスベルク（Heinsberg）にあり、最先端の溶接・塗装技術や物流センターを有しています。"
中級,4,"HAZETの「Plant 3（第3工場）」で主に生産されている、同社の看板製品は何ですか？","ツールキャビネット・ツールワゴン","プライヤー（ペンチ類）","スパナ・めがねレンチ","ドライバービット",A,"レムシャイトの産業エリアにある第3工場は、ツールワゴン（Assistentシリーズなど）やキャビネット等の板金・溶接製品の専用製造工場となっています。"
中級,5,"HAZETを代表するプレセット型トルクレンチ「SYSTEM 5000-3CT」シリーズの締め付け測定精度許容差はどれくらいですか？","±3%","±1%","±5%","±10%",A,"5000-3CTシリーズは、右締め方向において目盛値の「±3%」という高精度なトルク測定許容値を保証しています。"
中級,6,"HAZETのハイエンド仕様のトルクレンチ「SYSTEM 6000-1CT」シリーズの締め付け測定精度許容差は原則としてどれくらいですか？","±2%","±4%","±1%","±5%",A,"6000-1CTシリーズは、DIN EN ISO 6789の基準に準拠し、極めて高い測定精度である「±2%（一部大型モデル除く）」を実現しています。"
中級,7,"HAZETの高性能ラチェット「HiPer（ハイパー）」シリーズ（例：916HP）の内部ギヤの歯数はいくつですか？","90枚","32枚","72枚","120枚",A,"HiPerラチェットシリーズは、極小ヘッドの中に「90枚ギヤ」を内蔵しており、細かい送り角で作業が可能です。"
中級,8,"歯数が90枚あるHAZETの「HiPer」ラチェットの、1クリックあたりの送り角（動作角度）は何度ですか？","4度","5度","3度","11.25度",A,"360度を90分割するため、送り角は「4度」となります。これにより、エンジンルームなどの超狭所でも確実にネジを回せます。"
中級,9,"HAZETのロングセラー1/2インチ標準ラチェット「916SP」のギヤ歯数はいくつですか？","32枚","20枚","72枚","90枚",A,"伝統的な「916SP」は頑強な「32枚ギヤ」を採用しています。歯が粗い分、1つ1つのギヤの肉厚があり、高い耐久性を持ちます。"
中級,10,"HAZETの最もスタンダードな1/4インチミニラチェット「863P」のギヤ歯数はいくつですか？","20枚","32枚","60枚","90枚",A,"昔ながらの1/4ラチェット「863P」は、非常にシンプルな「20枚ギヤ」設計で、故障しにくく長寿命なのが特徴です。"
中級,11,"ギヤ歯数が32枚である1/2インチラチェット「916SP」の送り角は何度ですか？","11.25度","18度","5度","15度",A,"360度を32分割するため、送り角は「11.25度」になります。"
中級,12,"ギヤ歯数が20枚である1/4インチミニラチェット「863P」の送り角は何度ですか？","18度","11.25度","20度","15度",A,"360度を20分割するため、送り角は「18度」になります。"
中級,13,"1950年代の空冷VWビートルなどのスペアタイヤに収納できた、コレクターに大人気の丸型工具箱の通称は何ですか？","Roundbox（またはTourist）","SpareTray","TireCase","BeetleDisk",A,"スペアタイヤのハブ部分の凹みにすっぽり収まるスチール製の丸型ケースは、コレクターの間で「Roundbox（ラウンドボックス）」や「Tourist（ツーリスト）工具セット」と呼ばれています。"
中級,14,"1950年代の丸型工具箱（Roundbox）で、1965年より前の製造工具であることを見分けるロゴの特徴は何ですか？","小文字の「azet」表記ロゴ","大文字の「HAZET」表記ロゴ","王冠マークの刻印","ロゴが一切入っていない",A,"1965年以前の古いHAZET工具には、小文字をベースにした「azet」ロゴが刻印されており、ヴィンテージ品を見分ける手がかりになります。"
中級,15,"1950年代半ば以降のビートル用丸型工具箱で、工具のガタつきを防ぐために内面に施されたスプレー塗装の質感は何ですか？","フロッキング（起毛仕上げ）","鏡面研磨仕上げ","ラバーコーティング","梨地仕上げ",A,"中期のラウンドボックスから、スプレーで繊維粉末を吹き付けてフェルトのようなフワフワした質感にする「フロッキング（Flocking）」加工が施され、工具が傷つくのを防いでいました。"
中級,16,"現在も生産されている、HAZETの折りたたみ式（伸縮式）キャビネットの代表型番は何ですか？","166N","179N","180","178N",A,"初代のギミックを受け継ぎ、現代でも販売されているフォールディング・ツールワゴンは「Assistent 166N」です。"
中級,17,"「SmartRail」で採用されている、ソケットを差し込んで軽く回すだけでロック・解除ができる機構の名前は何ですか？","ツイストロック（Twist-to-lock）","ボールスナップ","マグネット吸着","スライドキャッチ",A,"SmartRailは「ツイストロック」式を採用しており、ソケットを少し回転させて固定するため、逆さに吊るしても外れません。"
中級,18,"「SmartCase」の開閉カバー部分で、機械的なラッチではなく、磨耗に強い何を使って固定していますか？","マグネット（磁石）","マジックテープ","ジッパー（ファスナー）","金属スナップ",A,"SmartCaseはケースの開閉部分に「マグネットファスナー」を採用しており、ワンタッチで摩耗なくスムーズに開閉できます。"
中級,19,"HAZETの1/4インチ差込角のプレセット型トルクレンチ「5108-3CT」のトルク測定範囲はどれくらいですか？","2.5 – 25 Nm","1 – 9 Nm","10 – 60 Nm","40 – 200 Nm",A,"「5108-3CT」は、自転車やオートバイの小径ボルト、エンジン周辺のカバー類の締付に適した「2.5 – 25 Nm」の範囲を持ちます。"
中級,20,"HAZETの3/8インチ差込角のプレセット型トルクレンチ「5110-3CT」のトルク測定範囲はどれくらいですか？","10 – 60 Nm","2.5 – 25 Nm","40 – 200 Nm","60 – 320 Nm",A,"「5110-3CT」は、中細ボルトの締付に最適な「10 – 60 Nm」の測定範囲を持つ3/8サイズ定番のトルクレンチです。"
中級,21,"HAZETの1/2インチ差込角のプレセット型トルクレンチ「5122-3CT」のトルク測定範囲はどれくらいですか？","40 – 200 Nm","10 – 60 Nm","60 – 320 Nm","300 – 800 Nm",A,"「5122-3CT」は、乗用車のホイールナットの締め付け（約100〜120Nm）に最適な「40 – 200 Nm」をカバーする最も人気のモデルです。"
中級,22,"HAZETの大型3/4インチ差込角トルクレンチ「5145-3CT」のトルク測定範囲はどれくらいですか？","300 – 800 Nm","40 – 200 Nm","60 – 320 Nm","100 – 400 Nm",A,"トラックや建設機械、大型産業機械の締付作業に用いられる「5145-3CT」は、「300 – 800 Nm」の巨大なトルクレンジに対応します。"
中級,23,"HAZETの超大型トルクレンチ「5145-3CT」の本体重量は約何kgありますか？","約 6.7 kg","約 2.5 kg","約 12.0 kg","約 4.5 kg",A,"800Nmの締付に対応するため、非常に肉厚で頑強な構造になっており、本体重量は「6.7kg」に達します。"
中級,24,"HAZETのトルクレンチ「5145-3CT」の全長はどれくらいですか？","1271 mm（約1.27メートル）","750 mm","980 mm","1500 mm",A,"大トルクを人の力で安全に導入するため、レバー比を稼ぐ長いシャフトが採用されており、全長は「1271mm」あります。"
中級,25,"HAZETの最も代表的な1/2インチソケットレンチセット（スチール箱入りなど）の型番は何ですか？","900シリーズ","850シリーズ","880シリーズ","1000シリーズ",A,"「900」は差込角1/2インチ（12.5mm）を意味し、多くのプロ整備士に愛用されているHAZETの超定番ソケットセットの型番です。"
中級,26,"HAZETの両口スパナ「450N」のヘッド部分は、使用時の応力を分散し、より大きなトルクに耐えられるよう、どのような厚みの設計になっていますか？","中央部が膨らみ、端に向かって薄くなるスリムデザイン","均一な一定の平坦な厚み","プラスチックの補強材をかぶせた肉厚デザイン","ヘッドのみ極端に厚くした四角いブロック形状",A,"450Nスパナのヘッド部は、スリムで狭所に入りやすい形状でありながら、最も負荷がかかる根元に向けて肉厚を持たせる美しい応力分散設計になっています。"
中級,27,"HAZETの「600N」コンビネーションレンチが、他社の一般的なレンチに比べて全長がやや長めに設計されている主な理由は何ですか？","少ない力（軽いテコ）で大きな締付トルクをかけるため","単に材料の余りを使用しているため","障害物を飛び越える目的のためだけ","ドイツ人の平均身長が高いため",A,"全長を長くすることで、テコの原理（モーメント）により、作業者が小さな力で確実な締め付けや緩め作業を行えるように設計されています。"
中級,28,"HAZETの「630」両口めがねレンチの立ち上がり（曲がり）形状の特徴は何ですか？","45度などのディープオフセット（深い曲がり）","完全にストレート（平ら）","75度の鋭角な直角曲がり","S字型にゆるやかに蛇行した形状",A,"「630」シリーズはディープオフセット形状になっており、奥まった位置にあるボルトや、ナットの周りの障害物を避けて確実なアクセスを可能にします。"
中級,29,"HAZETのコンビネーションレンチ「600N」の柄にデザインされている「Double-T profile」のメリットは何ですか？","強度の向上と軽量化、および手にフィットする滑り止め効果","ソケットを一時的に磁気で貼り付けるため","ボルトのネジ山を修正するため","レンチの重心を完全に先端に寄せるため",A,"Double-Tプロファイル（H型断面）は、構造工学的に最大の強度重量比を提供するとともに、指をかける凹みとなり、泥やオイルが付いた手でも滑りにくい握りやすさを実現しています。"
中級,30,"「Traction Profile（トラクションプロファイル）」のソケットやレンチがボルトの頭に当たる際、力の伝達点はどこに設定されていますか？","ボルト頭のフラットな側面（面）の中央付近","ボルト頭の鋭いカド（角）の先端","ボルト頭の最上部の平面部分","ボルト頭のネジ山の谷底",A,"Traction Profileは角に触れず、ボルトの「面（flank）」に面接触して均等に力をかけるため、ボルトを全く痛めずに高いトルクをかけられます。"
中級,31,"HAZETのドライバー「Trinamic」などで採用されているグリップの材質的な特徴は何ですか？","滑りにくいソフトな樹脂と、頑丈なハードコアの多重コンポーネント樹脂","天然木を切り出して磨き上げたオイル仕上げ","冷たいスチールの一体成型（メッキ仕上げ）","すべて軽量で壊れやすい発泡スチロール",A,"HAZETの高品質ドライバーは、手のひらに馴染んで滑りにくいソフトなエラストマー樹脂と、強度を担保する高強度のプラスチックコアを組み合わせたマルチコンポーネント構造です。"
中級,32,"HAZETのツールキャビネットや折りたたみワゴンなどで、トレイが移動時に不用意に飛び出さないようにする対策はどれですか？","キャビネット個々の引き出しにセルフクローズおよびロック機構がある","引き出し全体をガムテープで固定する","引き出し全体が常に手前に傾いている設計","トレイが絶対に引き出せない固定式である",A,"HAZETのキャビネットは、軽く押すだけで最後まで引き込まれて固定されるセルフクローズ機構や、ラッチによる各段ごとの簡易ロックが備わっており、移動時の飛び出しを防ぎます。"
中級,33,"HAZETの「Plant 1（第1工場）」が担っている、同社工具の基幹製造工程は何ですか？","鍛造、機械加工、熱処理","キャビネット用の板金と静電塗装","プラスチック樹脂の成型とパッケージング","配送と全世界への物流",A,"第1工場はHAZETの心臓部であり、最も過酷な負荷に耐える工具の強度を生み出すための「鍛造（ハイドロプレス等）」「切削機械加工」「熱処理（焼き入れ・焼き戻し）」を集中的に行っています。"
中級,34,"HAZETの工場「Plant 4（第4工場）」の役割で正しいものはどれですか？","最新のCNC切削加工などの高度な部品製造を行う工場","製品のカタログを印刷する印刷専門工場","VIGORブランドの工具だけを作る専用工場","工具の展示会と実演を行うだけのデモ施設",A,"レムシャイトにある第4工場は、最新の精密CNC加工機やマシニングセンタが並ぶ高度な自動機械加工拠点として機能しています。"
中級,35,"ソケットを保持する「SmartRail」のベースはどのような吸着手段を持っていますか？","超強力マグネット（磁石）","強力な両面テープ","ネジ留め専用の穴のみ","真空吸着盤（吸盤）",A,"SmartRailの背面全体には超強力なマグネットが仕込まれており、スチール製のツールワゴンや工場の機械の壁面などにガッチリ固定できます。"
中級,36,"HAZETの「SmartCase」に使われているケース外装素材のハイブリッド構造とは何ですか？","繊維テキスタイルの軽さと、ハードシェルプラスチックの強度","本革とチタン金属の溶接","木材とカーボンファイバーの接着","段ボールと発泡スチロール",A,"SmartCaseは、表面には軽くて汚れを落としやすいタフな繊維テキスタイル（布）を採用し、インナーやヒンジなどの骨格部分には頑強な硬質プラスチックを組み合わせたハイブリッド設計です。"
中級,37,"VIGOR（ヴィガー）のロゴマークデザインにおいて、文字のアクセントとして使われている象徴的な色はどれですか？","レッド（赤）","イエロー（黄）","ブルー（青）","グリーン（緑）",A,"VIGORブランドのロゴやパッケージには「レッド（赤）」がアクセントカラーとして採用されており、HAZETのブルーと差別化されています。"
中級,38,"HAZETの「Traction Profile」を採用した12角（ダブルヘックス）ソケットで回せるネジの頭部はどれですか？","六角ボルトおよび十二角ボルト","マイナスネジのみ","プラスネジのみ","T型トルクスネジ専用",A,"Traction Profileの12角ソケットは、一般的な「六角ボルト・ナット」を回せるだけでなく、「12角（ダブルヘックス）ボルト」の締付にも使用できます。"
中級,39,"工具素材の品質を担保するため、HAZETが使用している特殊な鋼鉄は、主にどこの国の製鉄所から供給されていますか？","ドイツを中心とするヨーロッパの一流製鉄所","アジアの安価な輸入鋼鉄所","アフリカの原料炭鉱山直営製鉄所","アメリカの再生リサイクル鉄専用所",A,"工具の命である「安定した硬度と靭性」を守るため、HAZETは厳格な仕様に基づいて精錬されたドイツ国内および欧州の上質な合金鋼を厳選して仕入れています。"
中級,40,"HAZETの工場があるドイツのレムシャイトは、古くから何の製造業が盛んな地域として世界的に有名ですか？","刃物・工具などの鉄鋼金属加工業","ビールなどのアルコール醸造業","電子半導体やコンピュータ産業","繊維製品や服飾デザイン",A,"レムシャイトはゾーリンゲンなどと並び、豊富な水源と森林資源（木炭）を利用した刃物や金属工具の鍛造業が何百年も前から栄えている伝統の街です。"
中級,41,"HAZETのプライヤー「1802」シリーズの強力ニッパーは、刃の硬度を高めるためにどのような特殊処理が追加で施されていますか？","高周波（インダクション）焼き入れ","金メッキ処理","ダイヤモンド粉末の塗布","フッ素コーティング",A,"ピアノ線や硬線を何度も楽に切断できるよう、1802シリーズの切断刃先部分には「高周波焼き入れ（Induction Hardening）」が個別に追加され、極めて高い硬度を持たせています。"
中級,42,"HAZETのラジオペンチ「1841」シリーズの掴み面にある、部品が滑り落ちるのを防ぐ凹凸加工は何と呼ばれますか？","セレーション（ギザギザ加工）","ローレット加工","スリック仕上げ","ノッチ加工",A,"ラジオペンチの掴み内面には、細かい溝が刻まれた「セレーション（Serrated jaws）」加工が施されており、小さなワッシャーや細い線を滑らずに保持できます。"
中級,43,"HAZETのソケットなどで、オイルがついた手で回す際に滑りにくくするために外周に施されている帯状のローレット加工（滑り止めギザギザ）はどこに配置されていますか？","ソケットのベース側の外周円周部","差込口の四角い穴の内部","ボルトがはまる六角穴の奥","ソケットの先端の刃先部分",A,"手回し時にソケットが滑るのを防ぐため、多くのソケットの下部外周に帯状の「ローレット（Knurling）」ギザギザが配置されています。"
中級,44,"HAZETのクイックリリース式エクステンションバー（型番918シリーズ等）の先端にある、ソケットのロックとロック解除を瞬時に行う機構の名称は何ですか？","セーフティロック（SmartLockなど）","スナップオン式ピン","スライドスリーブ","ねじ込み式コレット",A,"ソケットを装着すると自動で固定され、リング状のスリーブを指先でスライドさせるだけでロックが解除される便利な「セーフティ接続機構」です。"
中級,45,"HAZETの公式ホームページのドメイン（英語サイト）のURLは、次のうちどれですか？","https://www.hazet.de/en/","https://www.hazet.com/","https://www.hazet.co.jp/","https://www.hazet-tools.de/",A,"HAZETのグローバル公式ウェブサイトは「https://www.hazet.de/en/」です。末尾の「.de」はドイツの国別コードを示しています。"
中級,46,"HAZETのロゴに描かれている水平線のデザインは、創業当時の製品にスタンプとして押されていた何に由来していますか？","創業初期の刻印ポンチマークやスタンプの意匠","ドイツを横断するライン川の流れ","水平器の気泡位置","工場の屋根の形",A,"文字の中央を通る水平線のデザインは、19世紀から20世紀初頭にかけての創業初期の金属用スタンプ・マーキング刻印の意匠が洗練されて残ったものです。"
中級,47,"HAZETのフラッグシップ1/2インチラチェット「916HP」のギヤ歯数は正確にいくつですか？","90枚","72枚","120枚","32枚",A,"「916HP」は、超高負荷に耐える極薄の精密ヘッドでありながら、正確に「90枚ギヤ」を配置しています。"
中級,48,"HAZETの1/4インチ差込トルクレンチ「5107-3CT」のトルク測定レンジは正確にどれくらいですか？","1 – 9 Nm","2.5 – 25 Nm","0.5 – 5 Nm","5 – 50 Nm",A,"「5107-3CT」は、非常に微小なトルク管理（小径プラスチックネジや電子機器、精密ガスケット）のための「1 – 9 Nm」レンジの製品です。"
中級,49,"HAZETの1/4インチ（6.3mm）ドライブ仕様の「HiPer」ラチェットハンドル「863HP」のギヤ歯数は何枚ですか？","90枚","72枚","120枚","20枚",A,"1/4インチミニサイズである「863HP」も、1/2サイズと同様に超精密ギヤを極小ヘッド内に喜び組み立てた「90枚ギヤ」仕様となっています。"
中級,50,"HAZET의 3/8インチ（10mm）ドライブ仕様の「HiPer」ラチェットハンドル「8816HP」のギヤ歯数は何枚ですか？","90枚","72枚","120枚","30枚",A,"中型サイズである3/8インチ用の「8816HP」も、他のHiPerシリーズと共通の「90枚ギヤ（送り角4度）」を搭載しています。"
上級,1,"現在のHAZETは創業家から数えて何世代目のファミリーによって経営されていますか？","5世代目","2世代目","3世代目","10世代目",A,"HAZETは現在、創業者ヘルマン・ツェルヴァーの血を引く第5世代目のファミリーによって所有・経営されている家族企業です。"
上級,2,"HAZETを象徴するモバイルツールカート「Assistent」が初めて発表されたのは西暦何年ですか？","1954年","1868年","1930年","1972年",A,"画期的な折りたたみ式の移動ツールワゴンである「Assistent」（160型および162型）は、1954年に初めてリリースされました。"
上級,3,"初代「Assistent」ツールワゴンを考案・開発した人物は誰ですか？","アルフレッド・ツェルヴァー","ヘルマン・ツェルヴァー","フェルディナント・ポルシェ","ハンス・ツェルヴァー",A,"折りたたみ式で使い勝手に優れた初代「Assistent」ツールキャビネットは、当時の経営陣であるアルフレッド・ツェルヴァー（Alfred Zerver）によって開発されました。"
上級,4,"HAZETの「Assistent 166N」を完全に折りたたんだ時の高さ（全高）はどれくらいですか？","500 mm","300 mm","750 mm","950 mm",A,"166Nは支柱を下げることで全高「500mm」まで縮めることができ、車のトランクなどにも容易に積載できます。"
上級,5,"HAZETのコンビネーションレンチ「600N」がクリアしている世界的な規格規格はどれですか？","DIN 3113 Form A / ISO 3318 / ISO 7738","JIS B 4651","ANSI B107.6","ISO 9001",A,"600Nはドイツ工業規格の「DIN 3113 Form A」および国際規格の「ISO 3318」「ISO 7738」を満たしており、欧州の厳しい産業基準に適合しています。"
上級,6,"HAZETのコンビネーションレンチ「600N」の設計基準となっているドイツ工業規格（DIN）の番号は何番ですか？","DIN 3113","DIN 3120","DIN 3124","DIN 6789",A,"「DIN 3113」は、コンビネーションレンチ（Form AやForm Bなど）の形状、寸法、強度要件を規定するドイツの代表的な国家工業規格です。"
上級,7,"超微小トルク用のトルクレンチ「5107-3CT」の測定精度許容差は、他の5000-3CTシリーズとは異なり何パーセントですか？","±4%","±3%","±2%","±5%",A,"超低トルク管理用モデルである「5107-3CT」のみ、高精度測定の難易度が高いため、精度保証は「±4%」となっています（他の標準サイズは±3%）。"
上級,8,"HAZETの3/4インチドライブの巨大トルクレンチ「5145-3CT」のギヤ歯数はいくつですか？","32枚","90枚","24枚","60枚",A,"800Nmの凶悪な大トルク締め付けに対応するため、ギヤの一つ一つを最大級に肉厚にした、極めて屈強な「32枚ギヤ」が採用されています。"
上級,9,"HAZETの「5145-3CT」トルクレンチの送り角度は何度ですか？","11.25度","15度","18度","6度",A,"360度を32分割するため、送り角度は正確に「11.25度」となります。"
上級,10,"メルセデス・ベンツやBMW、ポルシェなどの自動車整備で広く使われている、HAZETの定番オイルフィルター/スパークプラグ用12角カップ型レンチの代表品番は何ですか？","2169","2588","196","4900",A,"カップ型オイルフィルターレンチやプラグ用レンチとして、輸入車整備で絶大な知名度を誇る代表品番が「2169」シリーズです。"
上級,11,"HAZETの4つの工場のうち、唯一「レムシャイト」市外のハインスベルクにある工場は何番目の工場ですか？","Plant 2（第2工場）","Plant 1（第1工場）","Plant 3（第3工場）","Plant 4（第4工場）",A,"ハインスベルクにあるのは「第2工場」です。他の第1、第3、第4工場はすべてレムシャイト市内に配置されています。"
上級,12,"HAZETの「Plant 3（第3工場）」は、何の製品の製造のために専用の近代的な静電粉体塗装システムを備えていますか？","ツールキャビネット（Assistentシリーズなど）","スパナ・レンチ類のメッキ処理","プライヤーのソフトグリップ被膜","ビットソケット用ケースの塗装",A,"第3工場はツールキャビネット専用の板金・溶接工場であり、頑丈で傷に強い仕上がりを実現するため、自動化された高度な「静電粉体塗装（Powder Coating）」ラインを備えています。"
上級,13,"HAZETの折りたたみ式ツールワゴン「Assistent 166N」の最大総耐荷重は合計何kgですか？","300 kg","150 kg","250 kg","500 kg",A,"166Nは、頑丈なスチール製コラムとトレイにより、コンパクトながら最大「250kg」の総荷重に耐えることができます（一部カタログ仕様では300kgと記載されることもありますが、一般的なメーカー標準値は250〜300kgです）。"
上級,14,"1950年代初期（1950〜1953年頃）のフォルクスワーゲン・ビートル用車載工具箱（Roundbox）が適合するように設計されていた、スペアホイールのサイズは何インチですか？","16インチ","15インチ","14インチ","17インチ",A,"初期のビートルは「16インチ」スチールホイールを採用していたため、初代Roundboxは16インチのホイールハブに適合する固定ブラケットが背面に付いていました。"
上級,15,"ビートルのスペアタイヤ径が「15インチ」に変更された際、HAZETの丸型工具箱（Roundbox）はどのように改良されましたか？","背面マウントをフルサークル型からハーフサークル型に変更した","ケース自体の直径を2センチ縮めた","プラスチック製に材質を変更した","取っ手を取り付けて外にぶら下げるようにした",A,"15インチホイールへの変更に伴うホイールハブ裏側の干渉を避けるため、背面の取り付け金属ブラケットの形状が「フルサークル（真円）」から「ハーフサークル（半円）」へと変更されました。"
上級,16,"1950年代のビートル用車載工具箱「Roundbox」に、ジェネレーターナットの変更に合わせて追加された、特徴的な両口めがねレンチのサイズは何mmですか？","36mm × 21mm","36mm × 22mm","32mm × 19mm","41mm × 24mm",A,"1956年頃、ジェネレーターナットのサイズ変更や作業性の向上のため、それまでの「36mm片口レンチ」に代わり「36mm × 21mmの両口めがねレンチ」が追加されました。"
上級,17,"1950年代初期（c. 1950）の最古のビートル用車載工具箱の内部で、工具の敷き物（ベースパッド）として使われていた素材は何ですか？","フェルトのパッド","プラスチックトレイ","スポンジゴム","フロッキング（起毛吹付）",A,"中期のフロッキング加工が導入されるより前の最古期（1950〜1953年頃）のツールセットには、厚手の「フェルト（Felt）パッド」が底面敷物として敷かれていました。"
上級,18,"3/8インチ「HiPer」ラチェット「8816HP」の作動送り角度は何度ですか？","4度","5度","3度","12度",A,"歯数が90枚であるため、360÷90＝「4度」が正確な動作角度となります。"
上級,19,"HAZETの1/2インチ「HiPer」ラチェット「916HP」にかけられる、メーカー保証上限の最大許容トルクは何Nmですか？","1000 Nm","400 Nm","600 Nm","1200 Nm",A,"916HPは超高強度ギヤと爪の最適設計により、DIN規格値を大幅に上回る「1000Nm（ニュートンメートル）」という驚異的な破断強度レベルを実現しています。"
上級,20,"HAZETのソケット等で、ボールロックのホールド力を高めるために、差込角の内側4面全てに凹み（リテイニングスロット）を設けた世界基準のインターフェース形状は何ですか？","DIN 3120 / ISO 1174","DIN 3113","DIN 6789","ISO 9001",A,"ソケットおよび駆動ハンドルの接続ジョイント規格である「DIN 3120」および「ISO 1174」に完全に適合しており、確実な脱落防止機能と互換性を提供します。"
上級,21,"HAZET独自の「Traction Profile（トラクションプロファイル）」は、主に「面接触」を行うため、接触圧力を均等に分散しますが、この際に発生する応力集中の度合いは従来の角接触に比べてどう変化しますか？","角部への応力集中がほぼゼロになり、全体の負荷が分散される","角部への応力集中が3倍に跳ね上がる","変化しないが、ボルトが滑るようになる","ボルトのネジ山に応力が集中するようになる",A,"Traction Profileは角部との接触を完全に回避するため、角への応力集中（ノッチ効果）が排除され、ボルトが角潰れするのを完全に防ぎます。"
上級,22,"HAZETの多くのソケットやレンチに使われているクロムバナジウム鋼（31CrV3など）において、「31」という数値は何の含有量を示していますか？","炭素含有量（約0.31%）","クロム含有量（約31%）","バナジウム含有量（約3.1%）","ニッケル含有量（約0.31%）",A,"DIN規格の鋼材記号「31CrV3」において、最初の数字は炭素（C）の平均含有量を100倍した値であり、「約0.31%」の炭素が含まれていることを示します。適切な焼き入れ硬度を得るために重要な割合です。"
上級,23,"HAZETのダブルオープンエンドレンチ「450N」で、めがねレンチのように15度の角度ではなく、スパナ口の向きが柄の軸線に対して何度の角度で傾いているのが標準ですか？","15度","0度","30度","45度",A,"標準的な両口スパナ（450Nなど）は、狭い場所でレンチを裏返して交互に使うことで、わずか30度の往復角度でボルトを締め回せるよう、口先が「15度」傾いて設計されています。"
上級,24,"HAZETが自動車メーカー専用に供給しているタイミングベルト交換用のカムシャフトアライメントツール等の、特殊SST（専用特殊工具）シリーズの基本型番は何番台が多いですか？","2588","900","5122","600N",A,"VW、アウディ、BMWなどのエンジン整備用タイミングツールやアライメントツールなどのSSTキットには、「2588」から始まる品番が数多く与えられています。"
上級,25,"HAZETが1913年に自動車整備用の特殊工具を研究開発するために購入した、同社史上初となる社用自動車のメーカーはどこですか？","Adler（アドラー）","Opel（オペル）","Mercedes（メルセデス）","Volkswagen（フォルクスワーゲン）",A,"HAZETは1913年、自動車整備におけるツール需要を研究するために最初の社用車として当時ドイツで大人気だった「Adler（アドラー）」社の自動車を購入し、これが自動車専用特殊工具開発の歴史の幕開けとなりました。"
上級,26,"HAZETのツールキャビネット最上位モデル「179NX」シリーズの「X」が意味する特徴は何ですか？","Extra（追加の拡張性とプレミアム仕様）","X-ray（レントゲン透過素材）","X-shaped（X字型フレーム構造）","Export（輸出専用モデル）",A,"「179NX」の「X」は「Extra」などのプレミアム・拡張仕様を示し、さらに重荷重やプロテクション機能などを強化したハイエンドラインです。"
上級,27,"HAZETの「SmartRail」にソケットを固定する「ツイストロック」は、回転方向としてはどちら側に回すとロックが解除されますか？","反時計回り（左）に軽く回す","時計回り（右）に強く押し回す","どちらに回しても解除されない","上に引っ張るだけで回す必要はない",A,"ソケットを「反時計回り（左）」に約15度〜30度程度軽く回すと、ツイストロックが外れて簡単にソケットを取り出せます。固定時は時計回りに回します。"
上級,28,"HAZETのトルクレンチ「SYSTEM 6000-1CT」の最小測定範囲をカバーする「6106-1CT」のトルク測定範囲はどれくらいですか？","1 – 6 Nm","2 – 10 Nm","5 – 60 Nm","10 – 100 Nm",A,"6000-1CTシリーズの最小最小モデル「6106-1CT」は、「1 – 6 Nm」の極めて精密なトルク管理範囲をカバーします。"
上級,29,"HAZETの3/8インチ差込用HiPerシリーズラチェットハンドル「8816HP」の、メーカーが保証する静的破壊限界トルク（限界耐荷重）の上限値は何Nmですか？","400 Nm","200 Nm","300 Nm","500 Nm",A,"3/8インチの「8816HP」は、DIN規格値（202Nm）を約2倍上回る「400Nm」の静的限界トルクに耐える超高強度設計が施されています。"
上級,30,"HAZETの精密測定機器であるトルクレンチについて、検査証に記載される適合基準規格である「DIN EN ISO 6789」の「Part 2」は何を規定していますか？","キャリブレーション（較正）および測定不確かさの算出手順","トルクレンチの単なる最大破断設計強度","検査工具を製造する工場の静電気対策","製品説明書のフォントと多言語翻訳要件",A,"DIN EN ISO 6789-2:2017は、トルク測定機の較正要件や、環境温度、作業誤差を含めた「測定不確かさ（Uncertainty）」の厳密な算出手順を定めた規格です。"
上級,31,"HAZETの強力ニッパー「1802-22」などで切断可能な「ピアノ線」の最大直径はどれくらいに設計されていますか？","最大 2.5 mm 前後","最大 5.0 mm 前後","最大 1.0 mm 前後","最大 10.0 mm 前後",A,"HAZETの大型強力ニッパー1802-22は、特殊熱処理された超硬刃により、非常に強度の高い「ピアノ線（引張強度約2000N/mm2）」でも「直径2.5mm」まで安全に切断できます。"
上級,32,"HAZETのウォーターポンププライヤー（760N-2等）に搭載されている、顎（ジョイント）の調整段数は何段ですか？","ディテント溝（押しボタン式）による多段調整（モデルにより約10〜15段）","調整不可の固定式","無段階スライド式","3段のみのピン式",A,"現代の760N-2等は、クイックアジャストボタンを備えており、ワークサイズに応じて顎の開き幅を「多段階（モデルによりますが約10〜15段程度）」で精密に調整できます。"
上級,33,"HAZETが自動車整備向けに供給しているプロ仕様のサスペンション交換用コイルスプリングコンプレッサー「4900-2A」セットは、アタッチメントの交換により概ね何種類の車種に対応できますか？","約50種類","約10種類","約25種類","約100種類",A,"「4900-2A」安全コイルスプリングコンプレッサーは、テンショニングジョー（顎）の組み合わせを切り替えることで、世界中の約50種類以上の車種の足回りに適合するプロ仕様の代表的なSSTです。"
上級,34,"HAZETの歴史において、1950年代にポルシェ356カブリオレなどの純正車載オプションとしてRoundboxを供給していた際、このRoundboxの蓋にポルシェのエンブレムはエンボス加工されていましたか？","いいえ、通常はエンボスなし（平滑）またはHAZET独自のTouristロゴのみ","はい、ポルシェクレストがゴールドで巨大に刻印されていた","いいえ、フォルクスワーゲンのロゴがそのまま使われていた","はい、ポルシェのアルファベット文字だけが浮き彫りになっていた",A,"ポルシェ356等の車載セットの多くは、VWのように蓋にVWマークがあるのではなく、フラットなドーム状の蓋か、またはHAZET独自の「Tourist」表記のものが供給されていました。"
上級,35,"HAZETの1/4インチ差込用HiPerシリーズラチェットハンドル「863HP」の、メーカーが保証する静的限界トルク（限界耐荷重）の上限値は何Nmですか？","120 Nm","62 Nm","90 Nm","150 Nm",A,"1/4インチの極小サイズ「863HP」は、DIN規格値（62Nm）を大きく超え、ギヤ飛びや破損を起こさない上限強度として「120Nm」の静的トルクに耐える設計となっています。"
上級,36,"HAZETが製造する「SmartRail」磁気ソケットホルダーのソケット差し込み角部に使用されているゴム製ガスケットは何のために取り付けられていますか？","ソケット装着時の適度なフリクション（滑り止め）とガタつき防止","ゴムから磁力をソケットに直接伝導するため","ソケットを電気的に完全に絶縁するため","ガスケットの摩擦熱でソケットを温めるため",A,"ツイストロック機構のスチール部にソケットを差し込んだ際、不快なガタつきや回転の遊びを抑え、しっかりと固定するために、高品質なエラストマー製Oリングが配置されています。"
上級,37,"HAZETの「SmartCase」の開閉に使用されている「マグネットファスナー」の磁力が、内部の工具（ドライバービットなど）を強く磁化しすぎないよう、ケース自体にどのような構造的配慮がありますか？","磁気をシールドする極薄スチールプレートがインナーに内蔵されている","磁石の配置場所をビットの先端から最も遠いヒンジ近辺に逃がしている","ビット自体がすべて非磁性のアルミニウムで作られている","磁気を逃がすためにケース全体をゴムで覆っている",A,"磁石が配置されている固定フラップ部には、ケース外側やツール側に不要な磁界が漏れないよう、また吸着力を高めるために、磁気シールド用の金属製バックプレートや物理的スペースを配した設計が行われています。"
上級,38,"HAZETのコンビネーションレンチ「600N」のめがね部（Traction Profile）の内径寸法公差は、どの規格で管理されていますか？","DIN 3113 および ISO 691 に基づく精密公差","JIS B 4632 公差","DIN 6789 測定機器公差","規格なしの工場独自設計のみ",A,"ソケットおよびレンチの口径サイズ（対辺寸法）の許容差を定める「ISO 691」および「DIN 3113」に基づき、ボルト頭に極めてタイトにフィットする超精密公差で加工されています。"
上級,39,"HAZETのラチェットハンドル「916SP」などの内部ギヤ爪（パウル）機構において、ギヤと爪が噛み合う「接触面積」を最大化する設計の目的は何ですか？","高トルク時に爪が破損するのを防ぎ、ギヤ飛びを防止するため","ラチェット回転時の抵抗をあえて重くするため","カチカチという空転音をうるさくするため","内部へのゴミの侵入を爪の面積で防ぐため",A,"ギヤの歯数が多い・少ないに関わらず、爪とギヤの接合面積を広く取る（複数歯で同時噛み合いさせる）ことで、荷重を広く分散させ、超高負荷時のギヤナメや破損を徹底的に防いでいます。"
上級,40,"HAZETが誇る1/2インチドライブの超コンパクト仕様超強力エアインパクトレンチ「9012M」の、メーカー公称の最大緩め（Loosening）トルクはいくらですか？","1,100 Nm","850 Nm","1,350 Nm","610 Nm",A,"9012Mは非常に短い超コンパクト設計（全長わずか92mm）でありながら、最大「1,100 Nm」の強力な緩めトルクを発生させ、狭い箇所のボルトを容易に緩めます。"
上級,41,"HAZETの1/2インチドライブ超強力インパクトレンチ「9012TT」が誇るツイン・ターボテクノロジーによる最大緩め（Loosening）トルクはいくらですか？","2,200 Nm","1,600 Nm","1,800 Nm","2,500 Nm",A,"フラッグシップモデル「9012TT」は、左右にツイン構造のエアモーターを配置する画期的な技術により、驚異の「2,200 Nm」の最大緩めトルクを達成しています。"
上級,42,"HAZETの「600N」などに見られる「梨地メッキ」の製造工程において、メッキ前に行われる表面にザラつきを与える加工は何ですか？","サンドブラスト（またはショットブラスト）加工","酸による化学エッチングのみ","粗いヤスリによる手作業での研磨","高速回転する砥石による研削",A,"鍛造後にバリ取りをした後、金属の細かなビーズや砂を高速で叩きつける「ショットブラスト（Sand/Shot blasting）」加工を施すことで、メッキ後に微細なザラつきのある滑りにくい梨地表面を作り出します。"
上級,43,"HAZETの「Plant 3（第3工場）」で静電粉体塗装されたツールキャビネットの塗装膜は、錆や傷、油脂に対してどのような性能を持っていますか？","非常に強固な耐溶剤性・耐衝撃性を持ち、長期間の剥がれを防ぐ","水性塗料なので、ガソリンや溶剤をかけると簡単に溶けて落ちる","非常に柔らかいゴムのようになり、クッション性能を提供するだけ","一切の防錆効果はなく、単に着色するためだけの役割である",A,"静電粉体塗装は、焼付処理によって非常に硬く柔軟な熱硬化性樹脂の皮膜を形成するため、ガソリンやブレーキクリーナー等の溶剤に強く、工具の衝突による剥がれや錆の発生を極めて高いレベルで防ぎます。"
上級,44,"HAZETの「179N」ツールキャビネットの引き出しのスライドレールに採用されている、引き出しの完全な取り出しとスムーズな走行を支えるベアリングの機構は何ですか？","ボールベアリング付きフルエクステンション（全段伸縮）ガイドレール","プラスチックの車輪がレールをすべるだけの間易式ローラー","ベアリングなしのスライドこすり合わせ式レール","油圧式ダンパーのみで滑らせるレール",A,"キャビネットの奥深くに入れた工具でも完全に取り出せるよう、高耐荷重の「ボールベアリング付きフルエクステンション（伸縮）レール」が採用されており、数十kgの工具を載せても非常に軽い力で引き出せます。"
上級,45,"HAZETの「179N」などのキャビネットに装備されているキャスターのうち、方向転換をスムーズにする首振り旋回式のキャスターには、どのようなブレーキ・ロック機構が標準装備されていますか？","車輪の回転と首振り旋回の両方を同時にロックする、トータルロック機構","車輪の回転のみを止める簡易ドラムブレーキ","首振りのみを固定し、車輪は回り続ける直進固定ロックのみ","ブレーキは一切装備されておらず、手歯止め（くさび）を置く仕様",A,"キャビネットが斜面や作業中に不意に動いたり回転したりしないよう、車輪の回転と同時にキャスター全体の旋回（首振り）も完全に固定する「トータルロック（Two-stage lock）」キャスターが装備されています。"
上級,46,"HAZETのプレセット型トルクレンチ「SYSTEM 5000-3CT」の調整ハンドルに刻まれている、目盛りの微調整を行うためのバーニア（副尺）付回転環のロック操作方法はどれですか？","グリップ中央のロックカラー（スリーブ）を押し下げる、またはスライダーをスライドさせる","グリップ後端のネジを手作業でコインを使って強く締め込む","トルクレンチのヘッドにあるダイヤルを反時計回りに回してロックする","設定値を合わせた後、何もロックしなくても自動で機械的に完全に固定される",A,"設定時の意図しない目盛りズレを防ぐため、グリップ後部のロックリングやブルーのスライダースイッチをスライドさせることで、回転ダイヤルを確実に固定（ロック）できます。"
上級,47,"HAZETが誇るHiPerラチェット「916HP」のギヤの噛み合い精度を高めるために採用されている、複数の精密歯を同時に密着させるシステムは何と呼ばれますか？","マルチトゥース・エンゲージメントシステム（マルチ爪設計）","シングルピン・スナップ機構","ボールロック式爪機構","無段階摩擦接触爪方式",A,"HiPerシリーズは、一つのパウル（爪）で複数のギヤ歯を同時にしっかりと捉える「マルチトゥース設計」により、90歯という細かさでありながら1000Nmという圧倒的な伝達トルク強度を達成しています。"
上級,48,"HAZETのソケットレンチセット（例えば900シリーズ）の金属製収納ボックスの蓋の内側に、昔からデザインされていることが多い特徴的なレイアウト表示は何ですか？","収納されている各工具の型番と配置を示す、部品配置スキマティック図","HAZET創業者ヘルマンの肖像画","工場の案内地図と最寄りの駅からアクセス方法","ドイツ全土の高速道路（アウトバーン）路線図",A,"蓋の裏側には、どのソケットやアクセサリーがどこに収まるかを一目で確認でき、欠品を発見しやすいように、部品の品番や配置を示したイラスト図解（配置スキマティック）が印刷されています。"
上級,49,"HAZETのスパナ類のメッキ処理に「ニッケル・クロムメッキ」が用いられる際、ニッケル下地とクロム仕上げ層の組み合わせの主な防錆効果は何ですか？","ニッケル層がピンホール（極小穴）を埋めて防錆し、極薄のクロム層が耐摩耗性と美麗な光沢を与える","クロムが錆びて犠牲防食を行い、ニッケルがそれを硬化させる","ニッケルのみが空気と反応して保護膜を作り、クロムは単に着色料に過ぎない","ニッケルとクロムが融解して合金を形成し、表面全体にプラスチックのような膜を作る",A,"メッキ加工では、下地にしっかりと厚みのある「ニッケル層」を電着させて金属表面の微細な孔を完全に塞ぐことで錆の侵入を防ぎ、その上に極薄で極めて硬い「クロム層」を重ねることで、キズ防止と艶消し（または光沢）の美観を完成させています。"
上級,50,"HAZETを象徴する工具箱、初代「Assistent 160」のコラム（支柱）は丸パイプでしたが、現在の「Assistent 166N」の支柱はどのような形状に進化していますか？","折りたたみと耐荷重性能を向上させる、肉厚のフラットなスチールプレート形状（ヒンジ付コラム）","完全に中空のアルミニウム製丸パイプのまま","カーボンファイバー製の伸縮ポール形状","木製の折りたたみラダー形状",A,"166Nでは、工具を載せた状態での剛性としなやかな折りたたみ動作を両立し、耐久性を最大限に高めるため、ヒンジ構造を備えた肉厚のフラットな「スチール製プレートコラム」が採用されています。"
